{
  "SVM": {
    "mcc": 0.9293325187380226,
    "f1": 0.9383561643835616,
    "pr_auc": 0.9716825088924556
  },
  "TextCNN": {
    "mcc": 0.9311724163859182,
    "f1": 0.9403973509933775,
    "pr_auc": 0.9823919841304793
  },
  "Bi-GRU": {
    "mcc": 0.9489345742446883,
    "f1": 0.9550173010380623,
    "pr_auc": 0.9750016321515117
  },
  "DistilBERT": {
    "mcc": 0.964824672747125,
    "f1": 0.9692832764505119,
    "pr_auc": 0.9871336101876979
  },
  "RoBERTa": {
    "mcc": 0.9609402095825273,
    "f1": 0.9659863945578231,
    "pr_auc": 0.9969236711329791
  }
}
